=== ckpringle_ is now known as ckpringle
=== Ivanka_ is now known as Ivanka
=== ckpringle_ is now known as ckpringle
=== MacSlow is now known as MacSlow|lunch
=== MacSlow|lunch is now known as MacSlow
=== snwh is now known as snwh-in-the-kitc
=== snwh-in-the-kitc is now known as snwh-kitchen
=== snwh-kitchen is now known as snwh-making-pho
=== me4oslav is now known as me4oslav-muffins
=== snwh-making-pho is now known as snwh-caffeinated
=== snwh-caffeinated is now known as snwh
=== me4oslav-muffins is now known as me4olsav
=== me4olsav is now known as me4oslav
=== snwh is now known as hwns
=== hwns is now known as hswn
=== godbyk-feynman is now known as godbyk
=== hswn is now known as hwsniwuehaisudhf
=== hwsniwuehaisudhf is now known as snwh
=== snwh is now known as me5oslav
=== me5oslav is now known as snwh
=== snwh is now known as snwh-not-here
=== snwh-not-here is now known as snwh
