=== slank is now known as slank_away
=== tsbere_ is now known as tsbere
=== Mission-Critical is now known as MissionCritical
=== yofel_ is now known as yofel
=== Sweetsha1k is now known as Sweetshark
=== slank_away is now known as slank
=== Ursinha_ is now known as Ursinha
=== matsubara is now known as matsubara-lunch
=== deryck is now known as deryck[lunch]
=== matsubara-lunch is now known as matsubara
=== hggdh is now known as hggdh_AFK
=== deryck[lunch] is now known as deryck
=== Ursinha is now known as Ursinha-afk
=== Ursinha-afk is now known as Ursinha
[20:24] <ricotz> hi, there are several frozen armhf builds -- https://launchpad.net/builders/wani07  https://launchpad.net/builders/wani09  https://launchpad.net/builders/wani10
[20:34] <mgrettondann> Good evening.
