=== amithkk_ is now known as amithkk
=== Quintasan_ is now known as Quintasan
=== doko__ is now known as doko
=== zequence is now known as zequence_
=== zequence_ is now known as zequence
=== Tonio_aw is now known as Tonio__
=== ajmitch_ is now known as ajmitch
=== Tonio__ is now known as Tonio_aw
