=== chiluk_away is now known as chiluk
=== yofel_ is now known as yofel
=== mmrazik is now known as mmrazik|otp
=== mmrazik|otp is now known as mmrazik
=== Tonio__ is now known as Tonio_aw
=== Tonio_aw is now known as Tonio__
=== mmrazik is now known as mmrazik|lunch
=== Tonio__ is now known as Tonio_aw
=== Tonio_aw is now known as Tonio__
=== mmrazik|lunch is now known as mmrazik
=== Tonio__ is now known as Tonio_aw
=== doko__ is now known as doko
=== Tonio_aw is now known as Tonio__
=== Tonio__ is now known as Tonio_aw
=== chuck_ is now known as zul
=== Tonio_aw is now known as Tonio__
=== Tonio__ is now known as Tonio_
=== chiluk is now known as chiluk_away
=== chiluk_away is now known as chiluk
=== davidcalle_ is now known as davidcalle
=== chiluk is now known as chiluk_away
=== chiluk_away is now known as chiluk
=== Quintasan_ is now known as Quintasan
=== chiluk is now known as chiluk_away
=== chiluk_away is now known as chiluk
=== chiluk is now known as chiluk_away
=== chiluk_away is now known as chiluk
=== chiluk is now known as chiluk_away
=== chiluk_away is now known as chiluk
=== rsalveti_ is now known as rsalveti
=== Ursinha_ is now known as Ursinha
=== chiluk is now known as chiluk_away
=== chiluk_away is now known as chiluk
=== chiluk is now known as chiluk_away
=== Ursinha is now known as Ursinha-afk
=== Ursinha-afk is now known as Ursinha
=== chiluk_away is now known as chiluk
