=== mmrazik is now known as mmrazik|afk
=== mmrazik|afk is now known as mmrazik
=== mmrazik is now known as mmrazik|afk
=== yofel_ is now known as yofel
=== mmrazik|afk is now known as mmrazik
=== mmrazik is now known as mmrazik|afk
=== plars is now known as plars-vacation
=== scott-work_ is now known as scott-work
=== chrisccoulson_ is now known as chrisccoulson
=== henrix_ is now known as henrix
=== henrix is now known as henrix_
=== medberry is now known as med_
